;under_34;f_35_to_44;f_45_to_54;f_55_to_64;f_65_to_74;over_75
donations_avg;116.0451701;129.5192764;141.3780469;184.9675933;174.467298;152.6613277
donation_perc;0.012860804;0.011307261;0.011633387;0.016902812;0.024614922;0.023916763
